A C T ( Artesunat 50 mg + Amodiaquin 200 mg ) tablet,TAB,1,0,0,0,0
Artemeter Injeksi @ 1ml ampul,AMP,1,0,0,0,0
Artesunat Injeksi,AMP,1,0,0,0,0
Albendazol tablet 400 mg,TAB,1,0,0,0,0
Alopurinol tablet 100 mg,TAB,0,0,0,0,0
Ambroksol sirup 15 mg/5 ml. @ 60 ml.,AMP,0,0,0,0,0
Ambroksol tablet 30 mg,TAB,0,0,0,0,0
Aminofilin injeksi 24 mg / ml @ 10 ml,AMP,0,0,0,0,0
Aminofilin tablet 200 mg,TAB,0,0,0,0,0
Amitriptilin HCl tablet salut 25 mg,TAB,0,1,0,0,0
Amlodipin 10 mg tablet,TAB,0,0,0,0,0
Amlodipin tablet 5 mg,TAB,0,0,0,0,0
Amoksisilin 100 mg/ml drop kering,AMP,1,0,0,0,0
Amoksisilin capsul 250 mg,TAB,1,0,0,0,0
Amoksisilin injeksi 1000 mg,AMP,1,0,0,0,0
Amoksisilin kaplet 500 mg,TAB,1,0,0,0,0
Amoksisilin sirup kering 125 mg / 5 ml,PCS,1,0,0,0,0
Ampisilin serbuk injeksi 1000 mg,AMP,1,0,0,0,0
Antasida DOEN I tablet komb : Al(OH) 200 mg + Mg (OH) 200 mg,TAB,0,0,0,0,0
Antasida DOEN II susp. 60 ml.komb.:Al(OH) 200 mg/5 ml.+Mg(OH) 200 mg/5 ml,PCS,0,0,0,0,0
Anti Bakteri DOEN salap komb : Basitrasin 500 IU/g + Polimiksin 1000 IU/g,TUB,0,0,0,0,0
Anti Fungi DOEN komb : As. Benzoat 6 % + As. Salisilat 3 %,TUB,0,0,0,0,0
Anti Hemoroid DOEN kombinasi,PCS,0,0,0,0,0
Anti Malaria DOEN kombinasi : Pirimetamin 25 mg + Sulfadoksin 500 mg,TAB,1,0,0,0,0
Anti Migren DOEN kombinasi : Ergotamin Tartrat 1 mg + Koffein 50 mg,TAB,0,0,0,0,0
Anti Skabies (Permetrin) 5% krim 10 gr,PCS,0,0,0,0,0
Aqua Dest Steril 500 ml,PCS,0,0,0,0,0
Aqua Pro Injeksi steril 25 ml,PCS,0,0,0,0,0
Asam Asetil Salisilat ( Asetosal ) tablet 80 mg,TAB,0,0,0,0,0
Asam Askorbat tablet 50 mg,TAB,0,0,0,0,0
Asam Askorbat tablet 250 mg,TAB,0,0,0,0,0
Asam Folat tablet 0.4 mg,TAB,0,0,0,0,0
Asam Mefenamat capsul 250 mg,TAB,0,0,0,0,0
Asam Mefenamat kaplet 500 mg,TAB,0,0,0,0,0
Asam Traneksamat injeksi 100 mg @ 5 ml,PCS,0,0,0,0,0
Asam Traneksamat tablet 500 mg,TAB,0,0,0,0,0
Asetil sisterina 100mg/5ml drop kering,PCS,0,0,0,0,0
Asetil sisteina 200 mg kapsul,TAB,0,0,0,0,0
Asiatikosida krim 1 % @ 10 g,TUB,0,0,0,0,0
Asiklovir krim 5 % @ 5 gram,TUB,0,0,0,0,0
Asiklovir tablet 200 mg,TAB,0,0,0,0,0
Asiklovir tablet 400 mg,TAB,0,0,0,0,0
"Atropin Sulfat Injeksi 0,25mg/ml-1 ml.",PCS,0,0,0,0,0
"Atropin Sulfat Tetes Mata 0,5 % @ 5 ml.",PCS,0,0,0,0,0
Attapulgite tablet 600 mg,TAB,0,0,0,0,0
"Benzatin Benzil Penisillin injeksi 2,4 Juta IU",PCS,1,0,0,0,0
Besi sirup dengan mutivitamin mineral 100 ml,PCS,0,0,0,0,0
Betahistin Mesilat tablet 6 mg,TAB,0,0,0,0,0
"Betametason Krem 0,1 % @ 5 g",TUB,0,0,0,0,0
Bisakodil suppositoria 10 mg dewasa,PCS,0,0,0,0,0
Bisakodil suppositoria 5 mg anak-anak,PCS,0,0,0,0,0
Bisakodil tablet 10 mg,TAB,0,0,0,0,0
Bisoprolol tablet 5 mg,TAB,0,0,0,0,0
Borax Gliserin solutio 15 ml.,PCS,0,0,0,0,0
Bromheksin sirup 100 ml,PCS,0,0,0,0,0
Bromheksin tablet 8 mg,TAB,0,0,0,0,0
Cefadroksil 125 mg / 5 ml sirup kering @ 60ml,PCS,1,0,0,0,0
Cefadroksil 250 mg / 5 ml sirup kering @ 60 ml,PCS,1,0,0,0,0
Cefadroksil kapsul 500 mg,TAB,1,0,0,0,0
Cefixime 100 mg,TAB,1,0,0,0,0
Cefixime 100 mg/5 ml sirup kering @ 30ml,PCS,1,0,0,0,0
Cefotaksim injeksi 1 g,PCS,1,0,0,0,0
Ceftriakson injeksi 1 g,PCS,1,0,0,0,0
Carboxymetyhlcelulose (Cendo Cenfresh) eye drop 5 ml,PCS,0,0,1,0,0
Cendo Lyteers eye drop 15 ml,PCS,0,0,1,0,0
Cendo Xitrol eye drop 5 ml,PCS,0,0,1,0,0
Cetirizine Hcl 10 mg/ml tetes,PCS,0,0,0,0,0
Cetirizine kapsul 10 mg,TAB,0,0,0,0,0
Cetirizine sirup 5 mg / 5 ml @ 60 ml,PCS,0,0,0,0,0
Ciprofloksasin kaplet 500 mg,PCS,1,0,0,0,0
Clindamisin Capsul 150 mg,TAB,1,0,0,0,0
Deksametason injeksi 5 mg / ml - 1 ml,PCS,0,0,0,0,0
"Deksametason tablet 0,5 mg",TAB,0,0,0,0,0
Diazepam injeksi 5 mg / ml - 2 ml,PCS,0,1,0,0,0
Diazepam larutan Rectal 5 mg/2.5 ml,TUB,0,1,0,0,0
Diazepam tablet 2 mg,TAB,0,1,0,0,0
Diazepam tablet 5 mg,TAB,0,1,0,0,0
Difenhidramin HCl injeksi 10 mg / ml - 1 ml,PCS,0,0,0,0,0
"Digoksin tablet 0,25 mg",TAB,0,0,0,0,0
Dimenhidrinat tablet 50 mg,TAB,0,0,0,0,0
Doksisiklin capsul 100 mg,TAB,0,0,0,0,0
Domperidon 5 mg/ml drop @ 10ml,PCS,0,0,0,0,0
Domperidon Suspensi 5mg/5ml @ 60 ml,PCS,0,0,0,0,0
Domperidon tablet 10 mg,TAB,0,0,0,0,0
Efedrin HCl tablet 25 mg,TAB,0,0,0,0,0
Ekstrak Plasenta Gel @ 15 g,TUB,0,0,0,0,0
"Epinefrin HCl (Adrenalin) inj 0,1 % - 1 ml",PCS,0,0,0,0,0
Eritromisin kaplet 500 mg,TAB,1,0,0,0,0
Eritromisin sirup 200 mg / 5 ml,PCS,1,0,0,0,0
"Etakridin ( Rivanol ) larutan 0,1 % @ 300 ml.",PCS,0,0,0,0,0
Etambutol tablet 250 mg,TAB,1,0,0,0,0
Etanol larutan 70 % @ 100 ml.,PCS,0,0,0,0,0
Etanol larutan 70 % @ 1000 ml.,PCS,0,0,0,0,0
Etil Klorida semprot @100 ml,PCS,0,0,0,0,0
Eugenol cairan 10 ml.,PCS,0,0,0,0,0
Fenilbutazon tablet 200 mg,TAB,0,0,0,0,0
Fenobarbital injeksi 50 mg / ml - 2 ml,PCS,0,1,0,0,0
Fenobarbital tablet 100 mg,PCS,0,1,0,0,0
Fenobarbital tablet 30 mg,TAB,0,1,0,0,0
Fero Sulfat tablet 300 mg (tablet tambah darah),TAB,0,0,0,0,0
Fitomenadion (Vitamin K1) injeksi 10 mg/ml - 1 ml,PCS,0,0,0,0,0
Fitomenadion (Vitamin K1) tablet salut gula 10 mg,TAB,0,0,0,0,0
Fitomenadion (Vitamin K1) 2 mg/ml injeksi,PCS,0,0,0,0,0
Flavoksat HCl tab. 200 mg,TAB,0,0,0,0,0
Flukonazol 150 mg kapsul,TAB,1,0,0,0,0
Framisetin sulfat gauze dressing 10 cm x 10 cm,PCS,0,0,0,1,0
Furosemid injeksi 10 mg/ml @ 2 ml.,PCS,0,0,0,0,0
Furosemid tablet 40 mg,TAB,0,0,0,0,0
Gameksan Emulsi 1 %,PCS,0,0,0,0,0
Garam Oralit untuk 200 ml air,TAB,0,0,0,0,0
Gemfibrozil capsul 300 mg,PCS,0,0,0,0,0
Gemfibrozil capsul 600 mg,PCS,0,0,0,0,0
Gentamisin injeksi 40 mg/ml @ 2ml,PCS,1,0,0,0,0
Gentamisin injeksi 80 mg,PCS,1,0,0,0,0
Gentamisin salep kulit 5 g,TUB,0,0,0,0,0
Gentamisin Sulfat tetes mata 0.3%,PCS,0,0,0,0,0
Gentian Violet larutan 1 % 10 ml,PCS,0,0,0,0,0
Glibenklamid tablet 5 mg,TAB,0,0,0,0,0
Glimepiride tablet 1 mg,TAB,0,0,0,0,0
Gliseril Guayakolat tablet 100 mg,TAB,0,0,0,0,0
Gliserin larutan 10% @ 500 ml,PCS,0,0,0,0,0
"Griseofulvin tablet 125 mg, micronized",TAB,1,0,0,0,0
Haloperidol 5 mg tablet,TAB,0,1,0,0,0
"Haloperidol tablet 1,5 mg",TAB,0,1,0,0,0
Haloperidol tablet 2 mg,TAB,0,1,0,0,0
Hidroklortiazida tablet 25 mg,TAB,0,0,0,0,0
"Hidrokortison krim 2,5 % @ 5g.",PCS,0,0,0,0,0
Hyoscine-N-Butilbromide injeksi,PCS,0,0,0,0,0
Hyoscine-N-Butilbromide tablet 10 mg,TAB,0,0,0,0,0
Ibuprofen Suspensi 100 mg / 5 ml,PCS,0,0,0,0,0
Ibuprofen tablet 200 mg,TAB,0,0,0,0,0
Ibuprofen tablet 400 mg,TAB,0,0,0,0,0
Ichtyol ( Salap Hitam ),PCS,0,0,0,0,0
"Ipratrium Br 21 mcg, Salbutamol Sulfat 120 mcg perhirup (Combivent)",PCS,0,0,0,0,0
Isoniazid tablet 100 mg,TAB,0,0,0,0,0
Isoniazid tablet 300 mg,TAB,0,0,0,0,0
Isosorbid Dinitrat tablet sublingual 5 mg,TAB,0,0,0,0,0
Jelly (Ecolab aquagel sterile) 82 g,PCS,0,0,0,1,0
Kalium diklofenak 25 mg tablet,TAB,0,0,0,0,0
Kalium diklofenak 50 mg tablet,TAB,0,0,0,0,0
Kalium Permanganat serbuk 5 g.,PCS,0,0,0,0,0
Kalsium Glukonat injeksi 10% (100 mg/ml) @ 10 ml,PCS,0,0,0,0,0
Kalsium Laktat tablet 500 mg,TAB,0,0,0,0,0
Kanamycin injeksi 1 gram,PCS,1,0,0,0,0
Kaolin Pektin sirup,PCS,0,0,0,0,0
"Kaptopril tablet 12,5 mg",TAB,0,0,0,0,0
Kaptopril tablet 25 mg,TAB,0,0,0,0,0
Kaptopril tablet 50 mg,TAB,0,0,0,0,0
Karbamazepin tablet 200 mg,TAB,0,0,0,0,0
Karbol (Fenol) Gliserol tetes telinga 10% @ 5 ml,PCS,0,0,0,0,0
Ketokonazol krim 2 % @ 10 g.,PCS,0,0,0,0,0
Ketokonazol tablet 200 mg,TAB,0,0,0,0,0
Ketoprofen injeksi 100 mg @ 1 ml,PCS,0,0,0,0,0
Ketoprofen tablet 100 mg,TAB,0,0,0,0,0
Ketorolac 30 mg/ml injeksi @ 1ml,PCS,0,0,0,0,0
Kloramfenikol capsul 250 mg,TAB,0,0,0,0,0
"Kloramfenikol salap mata 1 % @ 3,5 g.",TUB,0,0,0,0,0
Kloramfenikol suspensi 125 mg / 5 ml. @ 60 ml.,PCS,0,0,0,0,0
"Kloramfenikol tetes mata 0,5 %",PCS,0,0,0,0,0
Kloramfenikol tetes telinga 3 % @ 5 ml,PCS,0,0,0,0,0
Klorfeniramin Maleat ( CTM ) tablet 4 mg,TAB,0,0,0,0,0
Klorheksidin lar 0.2% (larutan kumur antiseptik gigi) @ 60 ml,PCS,0,0,0,0,0
Klorokuin tablet 150 mg,TAB,1,0,0,0,0
Klorpromazin HCl injeksi 25 mg / ml - 1 ml,PCS,0,0,0,0,0
Klorpromazin HCl tablet salut 25 mg,TAB,0,0,0,0,0
Klorpromazin HCl tablet salut 100 mg,TAB,0,0,0,0,0
Kodein Fosfat tablet 10 mg,TAB,0,1,0,0,0
"Kombinasi anti alergi lotion 100 ml (Kalamin 8%, Difenhidramin HCl 1%, Kamfer 0.1%, Gliserol alkohol 2%)",PCS,0,0,0,0,0
Kotrimoksazol susp. komb. : Sulfametoksazol 200 mg. + Trimetoprim 40 mg/5ml,PCS,1,0,0,0,0
Kotrimoksazol tab dewasa komb : Sulfametoksazol 400 mg+Trimetoprim 80 mg,TAB,1,0,0,0,0
Kotrimoksazol tab dewasa komb : Sulfametoksazol 800 mg+Trimetoprim 160 mg,TAB,1,0,0,0,0
Krim untuk nyeri @30 gr,PCS,0,0,0,0,0
Kuinin ( Kina ) tablet 200 mg,TAB,1,0,0,0,0
Kuinin Injeksi IV 25 % sebagai 2HCl - 2 ml,PCS,1,0,0,0,0
Lactobacillus,PCS,0,0,1,0,0
Lanzoprazol Kapsul 30 mg,TAB,0,0,0,0,0
Larutan infus Glukosa 10% steril @ 500 ml.,PCS,0,0,0,0,0
Larutan infus Glukosa 40% steril,PCS,0,0,0,0,0
Larutan infus Glukosa 5% steril @ 500 ml,PCS,0,0,0,0,0
Larutan Infus Ringer Laktat steril @ 500 ml,PCS,0,0,0,0,0
"Larutan NaCl 0,225 %+ Dextrose 5 % ( cairan 1 : 4 ) infus @ 500 ml.",PCS,0,0,0,0,0
"Larutan NaCl 1,75 g, KCl 1,5 g, Na Laktat 2,24 g, Dextrose 27 g @ 500 ml (KaEN 3B)",PCS,0,0,0,0,0
"Larutan Natrium Klorida Infus 0,9 % steril @ 500 ml.",PCS,0,0,0,0,0
Lidocain HCL 2% + Epinefrin 1:80.000 inj @ 2 ml,PCS,0,0,0,0,0
Lidocain injeksi 2 % @ 2 ml,PCS,0,0,0,0,0
Lidocain jelly 2% 10 gr,PCS,0,0,0,0,0
Lidocain semprot 10 %,PCS,0,0,0,0,0
Linkomisin capsul 500 mg,TAB,1,0,0,0,0
Lisol solutio 1000 ml.,PCS,0,0,0,0,0
Loperamid tablet 2 mg,TAB,0,0,0,0,0
Loratadin tablet 10 mg,TAB,0,0,0,0,0
Magnesium Sulfat injeksi (IV) 20 % - 25 ml,PCS,0,0,0,0,0
Magnesium Sulfat injeksi (IV) 40 % - 25 ml,PCS,0,0,0,0,0
"Mantoux test (PPD 2 UT 1,5)",PCS,0,0,0,1,0
Mebendazol tablet 100 mg,TAB,1,0,0,0,0
Meloksikam capsul 15 mg,PCS,0,0,0,0,0
Metampiron ( Antalgin ) injeksi 500 mg /1 ml,PCS,0,0,0,0,0
Metampiron ( Antalgin ) tablet 500 mg,TAB,0,0,0,0,0
Metformin tablet 500 mg,TAB,0,0,0,0,0
"Metilergometrin Maleat injeksi 0,200 mg - 1 ml",PCS,0,0,0,0,0
"Metilergometrin Maleat tablet salut 0,125 mg",TAB,0,0,0,0,0
metil dopa 250 mg,TAB,0,0,0,0,0
Metilprednisolon tablet 4 mg,TAB,0,0,0,0,0
Metoklopramid drop 2 mg/ml @ 10 ml,PCS,0,0,0,0,0
Metoklopramid injeksi 5 mg/ml @ 2 ml,PCS,0,0,0,0,0
Metoklopramid syrup @ 60 ml.,PCS,0,0,0,0,0
Metoklorpramid tablet 10 mg,TAB,0,0,0,0,0
Metronidazol infus,PCS,0,0,0,0,0
Metronidazol sirup 125 mg/5ml,PCS,0,0,0,0,0
Metamizole sodium,TAB,0,0,0,0,0
Metronidazol tablet 250 mg,TAB,1,0,0,0,0
Metronidazol tablet 500 mg,TAB,1,0,0,0,0
Mikonazol krim 2 % @ 10 g,PCS,0,0,0,0,0
"Multivitamin anak sirup dengan kalsium pidolat 300 mg, fruktooligosakarida 300 mg dan kurkuminoid 2 mg per 5 ml",PCS,0,0,1,0,0
Multivitamin dan mineral tetes sirup@ 15 ml,PCS,0,0,1,0,0
Multivitamin mineral dengan zat besi tablet dewasa(Pehavral),TAB,0,0,1,0,0
Natrium Bikarbonat tablet 500 mg,TAB,0,0,0,0,0
Natrium Diklofenak emulgel,PCS,0,0,0,0,0
Natrium Diklofenak tab. 25 mg,TAB,0,0,0,0,0
Natrium Diklofenak tab. 50 mg,TAB,0,0,0,0,0
Natrium Heparina gel @ 20 g,PCS,0,0,0,0,0
Natrium Tiosulfat injeksi 25 % - 10 ml,PCS,0,0,0,0,0
Neurotropik 5000 Vitamin injeksi,PCS,0,0,0,0,0
Neurotropik Vitamin tablet,TAB,0,0,0,0,0
Nifedipin tablet 10 mg,TAB,0,0,0,0,0
Nistatin oral drop,PCS,0,0,0,0,0
Nistatin tablet salut 500.000 IU,TAB,1,0,0,0,0
Nistatin tablet vaginal 100.000 IU / g,TAB,0,0,0,0,0
Norepinefrin inj 1 mg/ml,PCS,0,0,0,0,0
Norit (Carbo adsorben) tablet,PCS,0,0,0,0,0
Obat Anti Tuberkulosis Kategori Anak ( FDC ),PCS,1,0,0,0,0
Obat Anti Tuberkulosis Kategori I ( FDC ),PCS,1,0,0,0,0
Obat Anti Tuberkulosis Kategori II ( FDC ),PCS,1,0,0,0,0
Obat Anti Tuberkulosis Kategori III,PCS,1,0,0,0,0
Obat Anti Tuberkulosis Sisipan,PCS,1,0,0,0,0
Obat Batuk Hitam ( O B H ) sirup 100 ml.,PCS,0,0,0,0,0
"OBH Plus 100 ml (Paracetamol 200 mg, pseudoefedrin 3 mg, CTM 0.5mg, Amonium klorida 25 mg, Succus liquiritiae 75 mg per 5ml)",PCS,0,0,0,0,0
Oksimetazolin tts hidung 0.025% @10 ml,PCS,0,0,0,0,0
Oksimetazolin tts hidung 0.05% @10 ml,PCS,0,0,0,0,0
Oksitetrasiklin HCl injeksi i.m 50 mg/ ml - 10 ml,PCS,0,0,0,0,0
Oksitetrasiklin HCl salap 3 % 5 g,TUB,0,0,0,0,0
"Oksitetrasiklin HCl salap mata 1 % @ 3,5 g.",TUB,0,0,0,0,0
Oksitosin inj 10 IU / ml-1 ml,PCS,0,0,0,0,0
Omeprazol capsul 20 mg,TAB,0,0,0,0,0
Ondansetron injeksi 4mg/2ml @ 2ml,PCS,0,0,0,0,0
Ondansetron tablet 8mg,TAB,0,0,0,0,0
Pancreatin komb. tablet,TAB,0,0,0,0,0
Papaverin inj 40 mg / ml,PCS,0,0,0,0,0
Papaverin tablet 40 mg,TAB,0,0,0,0,0
Parasetamol 125 mg rektal,PCS,0,0,0,0,0
Parasetamol 250 mg rektal,PCS,0,0,0,0,0
Parasetamol drop 100 mg/ml @ 10ml,PCS,0,0,0,0,0
Parasetamol syr 120mg / 5 ml @ 60 ml,PCS,0,0,0,0,0
Parasetamol tablet 500 mg,TAB,0,0,0,0,0
Perak sulfadiazin krim 1%,PCS,0,0,0,0,0
Pirantel tablet 125 mg,TAB,0,0,0,0,0
Pirasetam inj,PCS,0,0,0,0,0
Pirasetam tablet 400 mg,TAB,0,0,0,0,0
"Piratiazin teoklat 40 mg, Piridoksin HCl 30 mg tablet",TAB,0,0,0,0,0
Pirazinamid tablet 500 mg,TAB,0,0,0,0,0
Piridoksin tablet 10 mg,TAB,0,0,0,0,0
Piridoksin injeksi 1 ml.,PCS,0,0,0,0,0
Piroksikam tabletl 10 mg,TAB,0,0,0,0,0
Piroksikam tablet 20 mg,TAB,0,0,0,0,0
Povidon Iodida 10 % 30 ml,PCS,0,0,0,0,0
Povidon Iodida 10 % 300 ml,PCS,0,0,0,0,0
Prednison tablet 5 mg,TAB,0,0,0,0,0
Primakuin tablet 15 mg,TAB,1,0,0,0,0
Prokain Benzil Penisillin injeksi 3 Juta IU,PCS,0,0,0,0,0
Propanolol HCl tablet 40 mg,TAB,0,0,0,0,0
Propanolol tablet 10 mg,TAB,0,0,0,0,0
Propiltiourasil tablet 100 mg,TAB,0,0,0,0,0
Psidii folium 250 mg/5ml @ 60 ml,PCS,0,0,0,0,0
Ranitidine Inj 25 mg/ml @ 2 ml,PCS,0,0,0,0,0
Ranitidine tablet 150 mg,PCS,0,0,0,0,0
"Reserpin tablet 0,10 mg",TAB,0,0,0,0,0
"Reserpin tablet 0,25 mg",TAB,0,0,0,0,0
Retinol (Vitamin A) Dosis Tinggi 100.000 IU,PCS,0,0,0,0,0
Retinol (Vitamin A) Dosis Tinggi 200.000 IU,PCS,0,0,0,0,0
Rifampisin capsul 300 mg,TAB,1,0,0,0,0
Rifampisin kaplet 450 mg,TAB,1,0,0,0,0
Rifampisin kaplet 600 mg,TAB,1,0,0,0,0
Salap 2 - 4 Kombinasi : As.Salisilat 2 % + Belerang Endap 4 % @ 30 g,PCS,0,0,0,0,0
Salbutamol inhalasi 100 mcg/dosis @ 200 dosis,PCS,0,0,0,0,0
Salbutamol Nebules cairan ih 0.1% @ 2.5ml,PCS,0,0,0,0,0
"Salbutamol sulfat 1,2 mg guriafenisin 50 mg/5ml@ 100ml",TAB,0,0,0,0,0
Salbutamol tablet 2 mg,TAB,0,0,0,0,0
Salbutamol tablet 4 mg,TAB,0,0,0,0,0
Salisil Bedak 2 % @ 50 g,PCS,0,0,0,0,0
Serum Anti Bisa Ular I injeksi (ABU I) (im/iv) @ 5ml,PCS,0,0,0,0,0
Serum Anti Difteri injeksi 20.000 IU / vial (ADS),PCS,0,0,0,0,0
Serum Anti Tetanus injeksi 1.500 IU/ml (ATS) @1 ml,PCS,0,0,0,0,0
Serum Anti Tetanus injeksi 20.000 IU / Vial (ATS),PCS,0,0,0,0,0
disposible Blood Transfution,PCS,0,0,0,1,0
Sianokobalamin tablet 50 mcg,TAB,0,0,0,0,0
Simvastatin tablet 10 mg,TAB,0,0,0,0,0
Simvastatin 20 mg tablet,PCS,0,0,0,0,0
Streptomisin injeksi 1500 mg / ml @ 15 ml.,PCS,0,0,0,0,0
Teofilin Tablet 150 mg,TAB,0,0,0,0,0
"Terbutalin tablet 2,5 mg",TAB,0,0,0,0,0
Tetrasiklin HCl kapsul 500 mg,TAB,1,0,0,0,0
Tiamfenikol capsul 500 mg,TAB,1,0,0,0,0
Tiamin HCl injeksi 100 mg / ml - 1 ml,PCS,0,0,0,0,0
Tiamin (vit.B1) tablet 100 mg,TAB,0,0,0,0,0
Timolol 0.5% tetes mata 5 ml,PCS,0,0,0,0,0
Tramadol capsul 50 mg,TAB,0,0,0,0,0
Tramadol Injeksi 50 mg/ml @ 2ml,PCS,0,0,0,0,0
Triheksifenidil Hidroklorida tab 2 mg,TAB,0,0,0,0,0
"Tripolidin Hcl 1.25mg, Pseudoefedrin Hcl 30mg/5ml @100 ml",PCS,0,0,1,0,0
"Tripolidin HCl 2.5 mg, Pseudoefedrin 60 mg tablet",TAB,0,0,1,0,0
Vitamin B-Kompleks tablet,TAB,0,0,0,0,0
Zinc sirup 20 mg/5 ml @ 60 ml,PCS,0,0,0,0,0
Zinc tablet dispersible 20 mg,TAB,0,0,0,0,0
Clozapine 25 mg,TAB,0,0,0,0,0
Risperidone 2 mg,TAB,0,0,0,0,0
Alat Suntik Sekali Pakai 1 ml,PCS,0,0,0,1,0
Alat Suntik Sekali Pakai 3 ml,PCS,0,0,0,1,0
Alat Suntik Sekali Pakai 5 ml,PCS,0,0,0,1,0
Alat Suntik Sekali Pakai 10 ml,PCS,0,0,0,1,0
Alcohol swab,PCS,0,0,0,1,0
Antiseptik tangan dengan dibilas 500 ml,PCS,0,0,0,1,0
Antiseptik tangan tanpa dibilas 500 ml,PCS,0,0,0,1,0
Arm sling ukuran S,PCS,0,0,0,1,0
Arm sling ukuran M,PCS,0,0,0,1,0
Arm sling ukuran L,PCS,0,0,0,1,0
Autoclick lancing device,PCS,0,0,0,1,0
Bistury / mata pisau bedah,PCS,0,0,0,1,0
Blood lancet,PCS,0,0,0,1,0
Box Slide (kotak slides) isi untuk 50 slides,PCS,0,0,0,1,0
Cat Gut Chromic No. 2/0 DS 19 mm,PCS,0,0,0,1,0
Cat Gut Chromic No. 3/0 DS 19 mm,PCS,0,0,0,1,0
Cat Gut Plain No. 2/0 DS 19 mm,PCS,0,0,0,1,0
Cat Gut Plain No. 3/0 DS 19 mm,PCS,0,0,0,1,0
Cervical collar universal (neck collar),PCS,0,0,0,1,0
"Feeding tube 3,5 fr (3,5cm)",PCS,0,0,0,1,0
Folley Catheter 2. W 30 cc No.14,PCS,0,0,0,1,0
Folley Catheter 2. W 30 cc No.16,PCS,0,0,0,1,0
Folley Catheter 2. W 30 cc No.18,PCS,0,0,0,1,0
"Handscoon No.6,5 steril",PCS,0,0,0,1,0
Handscoon No.7 steril,PCS,0,0,0,1,0
Handscoon No.7.5 steril,PCS,0,0,0,1,0
Handscoon (gloves) ukuran L,PCS,0,0,0,1,0
Handscoon (gloves) ukuran M,PCS,0,0,0,1,0
Handscoon (gloves) ukuran S,PCS,0,0,0,1,0
Handschoon obgyn steril,PCS,0,0,0,1,0
I.V. Canula venocath No.18,PCS,0,0,0,1,0
I.V. Canula Venocath No. 20,PCS,0,0,0,1,0
I.V. Canula Venocath No. 22,PCS,0,0,0,1,0
I.V. Canula Venocath No. 26,PCS,0,0,0,1,0
I.V. Catheter Nomor 18,PCS,0,0,0,1,0
I.V. Catheter Nomor 20,PCS,0,0,0,1,0
I.V. Catheter Nomor 22,PCS,0,0,0,1,0
I.V. Catheter Nomor 24,PCS,0,0,0,1,0
Infus Set Anak,PCS,0,0,0,1,0
Infus Set Dewasa,PCS,0,0,0,1,0
Kapas Berlemak 500 gram,PCS,0,0,0,1,0
Kapas Pembalut / Absorben 250 gram,PCS,0,0,0,1,0
Kasa Hidrofil 40 x 80 cm,PCS,0,0,0,1,0
Kasa hidrofil 36 x 80 cm,PCS,0,0,0,1,0
Kasa Hidrofil Steril 18 x 22 cm (isi 12 lbr),PCS,0,0,0,1,0
Kasa Kompres 40 cm x 40 cm,PCS,0,0,0,1,0
Kasa Pembalut 16 x 16 steril,PCS,0,0,0,1,0
Kasa Pembalut 2 m x 80 cm,PCS,0,0,0,1,0
Kasa Pembalut Hidrofil 4 m x 10 cm,PCS,0,0,0,1,0
Kasa Pembalut Hidrofil 4 m x 15 cm,PCS,0,0,0,1,0
Kasa Pembalut Hidrofil 4 m x 3 cm,PCS,0,0,0,1,0
Kasa Pembalut Hidrofil 4 m x 5 cm,PCS,0,0,0,1,0
Mask (sungkup) oksigen anak,PCS,0,0,0,1,0
Mask (sungkup) oksigen dewasa,PCS,0,0,0,1,0
Masker hi oxygen dewasa (non rebreathing mask),PCS,0,0,0,1,0
Masker Disposible 3 ply,PCS,0,0,0,1,0
Masker N95,PCS,0,0,0,1,0
Nasal canula anak,PCS,0,0,0,1,0
Nasal canula bayi,PCS,0,0,0,1,0
Nasal canula dewasa,PCS,0,0,0,1,0
Needle Terumo 23 G,PCS,0,0,0,1,0
Needle Terumo 24 G,PCS,0,0,0,1,0
Needle Terumo 25 G,PCS,0,0,0,1,0
NGT No. 14,PCS,0,0,0,1,0
NGT No. 16,PCS,0,0,0,1,0
Pembalut elastis ukuran 4 inci (10 cm x 4.55 m),PCS,0,0,0,1,0
Pembalut elastis ukuran 6 inci (15 cm x 4.55 m),PCS,0,0,0,1,0
Pembalut Gips,PCS,0,0,0,1,0
Plester 5 cm x 5 m,PCS,0,0,0,1,0
"Plester kertas 9.2 m X 2,5 cm dengan pemotong",PCS,0,0,0,1,0
Plester Tahan Air ( 25 cm x 10 cm ),PCS,0,0,0,1,0
"Plester transparan 5 m X 1,25 cm",PCS,0,0,0,1,0
S i l k ( Benang Bedah Sutera ) No. 1 DS 24 mm,PCS,0,0,0,1,0
S i l k ( Benang Bedah Sutera ) No. 2/0 DS 19 mm,PCS,0,0,0,1,0
S i l k ( Benang Bedah Sutera ) No. 3/0 DS 19 mm,PCS,0,0,0,1,0
S i l k ( Benang Bedah Sutera ) No. 4/0 DS 19 mm,PCS,0,0,0,1,0
Speculum vaginal disposible ( M ),PCS,0,0,0,1,0
Speculum vaginal disposible (L ),PCS,0,0,0,1,0
Safety box,PCS,0,0,0,1,0
Underpad ukuran 60x90 cm steril,PCS,0,0,0,1,0
Urine Bag,PCS,0,0,0,1,0
Air Raksa Dental Use 100 G.,PCS,0,0,0,1,0
Bahan pengisi saluran akar gigi,PCS,0,0,0,1,0
Bonding refill,PCS,0,0,0,1,0
Cairan Irigasi NaOCl 5% dan EDTA 5% inf 1000 ml,PCS,0,0,0,1,0
Devitalisasi Pasta ( Non Arsen ),PCS,0,0,0,1,0
Echant (etching),PCS,0,0,0,1,0
Glass Ionomer semen (serbuk + larutan) anterior,PCS,0,0,0,1,0
Glass Ionomer semen (serbuk + larutan) posterior,PCS,0,0,0,1,0
Gutta percha,PCS,0,0,0,1,0
Kalsium Hidroksida pasta @ 2 tube,PCS,0,0,0,1,0
Klorfenol Kamfer Mentol ( CHKM ) cairan 10 ml.,PCS,0,0,0,1,0
Micro brush,PCS,0,0,0,1,0
Mummifying Pasta,PCS,0,0,0,1,0
Semen Seng Fosfat serbuk & Cairan,PCS,0,0,0,1,0
Silver Amalgam serbuk 65 - 75 % 1 oz,PCS,0,0,0,1,0
Spons gelatin Cubicles 1 x 1 x 1 cm @ 24 pcs,PCS,0,0,0,1,0
Temporary Stopping Fletcher serbuk 100 g. & cairan,PCS,0,0,0,1,0
Trikresol Formalin (TKF),PCS,0,0,0,1,0
Tumpatan Composite (Light cured),PCS,0,0,0,1,0
Tumpatan Composite Anterior A2,PCS,0,0,0,1,0
Tumpatan Composite Anterior A3,PCS,0,0,0,1,0
Tumpatan Composite Anterior A3.5,PCS,0,0,0,1,0
Tumpatan sementara (Caviton),PCS,0,0,0,1,0
Turbocaina (pengganti cresophene),PCS,0,0,0,1,0
Dect Glass / cover glass,PCS,0,0,0,1,0
Developer 20 lt,PCS,0,0,0,1,0
Fixer 20 lt,PCS,0,0,0,1,0
Film Rongent dental 3 x 4,PCS,0,0,0,1,0
Film Rongent uk 24 x 30,PCS,0,0,0,1,0
Film Rongent uk 30 x 40,PCS,0,0,0,1,0
Film Rongent uk 35 x 35,PCS,0,0,0,1,0
Filter Paper,PCS,0,0,0,1,0
Larutan Anisol 100 ml,PCS,0,0,0,1,0
Larutan Asam Asetat6% 100 ml,PCS,0,0,0,1,0
"Larutan Asam Klorida 0,1N 100 ml",PCS,0,0,0,1,0
Larutan Asam sulfosalisilat 20 % 100 ml.,PCS,0,0,0,1,0
Larutan Benedict 100 ml.,PCS,0,0,0,1,0
Larutan Eosin 2 % 100 ml.,PCS,0,0,0,1,0
Larutan Etanol Asam 3% 100 ml.,PCS,0,0,0,1,0
Larutan Giemsa Stain 100 ml.,PCS,0,0,0,1,0
Larutan Hayem 100 ml,PCS,0,0,0,1,0
Larutan Karbol Fuchsin 100 ml.,PCS,0,0,0,1,0
Larutan KOH 10% 100 ml,PCS,0,0,0,1,0
Larutan Mersi Oil 100 ml,PCS,0,0,0,1,0
Larutan Metanol 100 ml.,PCS,0,0,0,1,0
Larutan Metilen Biru 100 ml.,PCS,0,0,0,1,0
Larutan Natrium Citras 3 % @100 ml,PCS,0,0,0,1,0
Larutan Ress echer 100 ml,PCS,0,0,0,1,0
Larutan Turk 100 ml.,PCS,0,0,0,1,0
Larutan Ziehl Nielsen,PCS,0,0,0,1,0
Lidi Vagina,PCS,0,0,0,1,0
Object glass / Slide Glass,PCS,0,0,0,1,0
Pot Sputum,PCS,0,0,0,1,0
Rapid test for Dengue IgG/IgM,PCS,0,0,0,1,0
Rapid test for Dengue Ns1 (oncoprobe),PCS,0,0,0,1,0
Rapid test HBsAg Antigen (Prog utk Bumil),PCS,0,0,0,1,0
Rapid test for Malaria Pan/Pf (Fokus),PCS,0,0,0,1,0
Rapid test for Malaria Pf dan Pv (Fokus),PCS,0,0,0,1,0
Rapid test HIV 1/2,PCS,0,0,0,1,0
Rapid test HIV Lini 2 (triline),PCS,0,0,0,1,0
Rapid test HIV Lini 3 (Oncoprobe),PCS,0,0,0,1,0
Rapid test HIV Lini I (SD),PCS,0,0,0,1,0
Rapid test sipilis,PCS,0,0,0,1,0
Reagen Pemeriksa Gol Darah Anti A @10 ml,PCS,0,0,0,1,0
Reagen Pemeriksa Gol Darah Anti B @ 10 ml,PCS,0,0,0,1,0
RPR,PCS,0,0,0,1,0
Stick asam urat,PCS,0,0,0,1,0
Stick cholestrol,PCS,0,0,0,1,0
Stick gula darah,PCS,0,0,0,1,0
Tabung Hematokrit,PCS,0,0,0,1,0
Tabung Vacutener tutup ungu dengan anti koagulan 3 ml,PCS,0,0,0,1,0
TPHA,PCS,0,0,0,1,0
Urinalysa 10 Parameter,PCS,0,0,0,1,0
Urinalysa 3 Parameter,PCS,0,0,0,1,0
Tes Kehamilan,PCS,0,0,0,1,0
Evapirenz (EFV),PCS,0,0,0,0,0
Lamivudin (3TC),PCS,0,0,0,0,0
Lopinavir (ALUVIA),PCS,0,0,0,0,0
Nevirapin (NVP),PCS,0,0,0,0,0
Tenofovir (TDF),PCS,0,0,0,0,0
Zidovudine (ZDV),PCS,0,0,0,0,0
Zidovudine (ZDV) + Lamivudin (3TC)/ DUVIRAL,PCS,0,0,0,0,0
Triple FDC (TDF + 3TC + EFV)/ ATRIPLA,PCS,0,0,0,0,0
Triple FDC (ZVF + 3TC + NVP)/ Pediatrik,PCS,0,0,0,0,0
Rilvipirine 25 mg tablet,PCS,0,0,0,0,0
Abacavir,PCS,0,0,0,0,0
Emtrisitabin + Tenofovir (200 mg/300 mg ),PCS,0,0,0,0,0
Akarbose 50 mg tablet,TAB,0,0,0,0,0
Allylestrenol tablet 5 mg,TAB,0,0,0,0,0
Amoksisilin+Asam Klavulanat 625 mg tablet,TAB,1,0,0,0,0
Ampisilin capsul 250 mg,CAP,1,0,0,0,0
Ampisilin kaplet 500 mg,TAB,1,0,0,0,0
Ampisilin sirup kering 125 mg / 5 ml,BTL,1,0,0,0,0
Asam Folat tablet 1 mg,TAB,0,0,0,0,0
Asetil sisterina 200 mg kapsul (N-ace),CAP,0,0,0,0,0
Attapulgite tablet,TAB,0,0,0,0,0
"Betametason 0,1%, Mikonazol 2% krim (Benoson M) @5gr",TUB,0,0,0,0,0
"Betametason 0,1%, Neomisin 0,5% krim (Bevalex) @5 gr",TUB,0,0,0,0,0
Cefikxime 400 mg+Azitromisin 1000 mg,KTK,1,0,0,0,0
Cetirizina Hcl 10 mg/ml tetes,BTL,0,0,0,0,0
Cetirizina kapsul 10 mg,CAP,0,0,0,0,0
Cetirizina sirup 5 mg / 5 ml @ 60 ml,BTL,0,0,0,0,0
Cimetidin injeksi 200 mg,AMP,0,0,0,0,0
Cimetidin tablet 200 mg,TAB,0,0,0,0,0
Curcuma Rhizoma tablet 200 mg,TAB,0,0,0,0,0
"Etinilestradiol tablet 0,05 mg",BTL,0,0,0,0,0
Etyl Klorida semprot @100 ml,BTL,0,0,0,0,0
Fenol Gliserol tetes telinga 10 % @ 5 ml.,KTK,0,0,0,0,0
Fitomenadion ( Vitamin K 1 ) injeksi 10 mg / ml - 1 ml,AMP,0,0,0,0,0
Fitomenadion ( Vitamin K 1 ) tablet salut gula 10 mg,TAB,0,0,0,0,0
Fitomenadion 2 mg/ml injeksi,AMP,0,0,0,0,0
Gliserin larutan 50% @ 100 ml,BTL,0,0,0,0,0
Isoksuprina HCl tab. 20 mg,TAB,0,0,0,0,0
Kalsium Glukonat injeksi 10%,AMP,0,0,0,0,0
Karbo Gliserol tetes telinga 10% @ 5 ml,BTL,0,0,0,0,0
Kloramfenikol suspensi 125 mg / 5 ml. @ 60 ml,BTL,1,0,0,0,0
"Kombinasi anti alergi lotion 100 ml (Kalamin 8%, Difenhidramin HCl 1%, Kamfer 0.1%, Gliserol alkohol",BTL,0,0,0,0,0
Magnesium Sulfat 20 % @ 25 ml,AMP,0,0,0,0,0
Metampiron ( Antalgin ) injeksi 250 mg /1 ml @ 2 ml,AMP,0,0,0,0,0
Metoklopramid drop @ 10 ml,BTL,0,0,0,0,0
Metoklopramid injeksi,AMP,0,0,0,0,0
"Multivitamin anak sirup dengan kalsium pidolat 300 mg, fruktooligosakarida 300 mg dan kurkuminoid 2",BTL,0,0,0,0,0
Multivitamin mineral dengan zat besi tablet dewasa,TAB,0,0,0,0,0
Noskapin 25 mg (Longatin),CAP,0,0,0,0,0
"OBH Plus 100 ml (Paracetamol 200 mg, pseudoefedrin 3 mg, CTM 0.5mg, Amonium klorida 25 mg, Succus li",BTL,0,0,0,0,0
Oksitoksin inj 10 IU / ml-1 ml,AMP,0,0,0,0,0
Piroksikam capsul 10 mg,CAP,0,0,0,0,0
Polikresulen larutan 360 mg/ml @ 10 ml.,BTL,0,0,0,0,0
Pseudoefedrin 15 mg + Terfenadin 20 mg suspensi @ 60 ml,BTL,0,0,0,0,0
Pseudoefedrin 30 mg + Bromfeniramin maleat 2 mg/5 ml sirup @100 ml,BTL,0,0,0,0,0
Pseudoefedrin 30 mg + Terfenadin 40 mg,TAB,0,0,0,0,0
Pseudoefedrin drop 7.5 mg/ml @15 ml,BTL,0,0,0,0,0
Ranitidine Inj,AMP,0,0,0,0,0
Serum Anti Bisa Ular Polivalen injeksi 5 ml ( ABU I ),AMP,0,0,0,0,0
Serum Anti Tetanus injeksi 1.500 IU / ampul (ATS),AMP,0,0,0,0,0
Sianokobalamin injeksi 500 mcg/ml - 1 ml,AMP,0,0,0,0,0
Teofilin Tablet 10 mg,TAB,0,0,0,0,0
Tiamin HCl tablet 50 mg,TAB,0,0,0,0,0
Zinc siup 20 mg/5 ml @ 60 ml,BTL,0,0,0,0,0
Antiseptik tangan dengan dibilas 500 ml (onemed),BTL,0,0,0,1,0
Antiseptik tangan tanpa dibilas 500 ml (e-care),BTL,0,0,0,1,0
Arm sling,PCS,0,0,0,1,0
Cat Gut Chromic No. 2/0 DS 24 mm,PCS,0,0,0,1,0
Cat Gut Chromic No. 3/0 HR 26 mm,PCS,0,0,0,1,0
Cat Gut Plain No. 2/0 DS 24 mm,PCS,0,0,0,1,0
Cat Gut Plain No. 3/0 DS 24 mm,PCS,0,0,0,1,0
Cervical collar Medium Density,PCS,0,0,0,1,0
S i l k ( Benang Bedah Sutera ) No. 2/0 DS 24 mm,PCS,0,0,0,1,0
S i l k ( Benang Bedah Sutera ) No. 3/0 DS 24 mm,PCS,0,0,0,1,0
Cairan Irigasi NaOCl 5% dan EDTA 5%,KTK,0,0,0,1,0
Glass Ionomer semen (serbuk + larutan),SET,0,0,0,1,0
Spons gelatin Cubicles 1 x 1 x 1 cm @ 10 pcs,KTK,0,0,0,1,0
Larutan Asam Asetat 6% 100 ml,BTL,0,0,0,1,0
Larutan H2O2 3% @ 100 ml,BTL,0,0,0,1,0
Rapid test for Dengue IgG/IgM cassette,PCS,0,0,0,1,0
Rapid test for Dengue Ns1,PCS,0,0,0,1,0
Rapid test HIV 1/2 (Fokus),PCS,0,0,0,1,0
Stick asam urat (easy touch),PCS,0,0,0,1,0
Stick cholestrol (easy touch),PCS,0,0,0,1,0
Stick gula darah (easy touch),PCS,0,0,0,1,0
Tabung Hematokrit ( Assistant ),PCS,0,0,0,1,0
Alopurinol tablet 100 mg - BPJS,TAB,0,0,0,0,1
Ambroxol tab 30mg - BPJS,TUB,0,0,0,0,1
Amlodipin tablet 10 mg - BPJS,AMP,0,0,0,0,1
Amlodipin tablet 5 mg - BPJS,CAP,0,0,0,0,1
Amoxicilin cap 500mg/Etamox - BPJS,TAB,0,0,0,0,1
Antiscabies salep kulit/ scabicid - BPJS,TUB,0,0,0,0,1
Attafulgite tab - BPJS,TAB,0,0,0,0,1
Asammefenamat cap 500mg - BPJS,TAB,0,0,0,0,1
Asamtraneksamat tab 500mg - BPJS,TAB,0,0,0,0,1
Asamfolat tab 1mg - BPJS,TAB,0,0,0,0,1
Borax Gliserin solutio 15 ml. - BPJS,BTL,0,0,0,0,1
Betahistin Mesilat tablet 6 mg - BPJS,TAB,0,0,0,0,1
"Betametason Krem 0,1 % @ 5 g - BPJS",TUB,0,0,0,0,1
Captopril tab 25mg - BPJS,TAB,0,0,0,0,1
Captopril tab 50mg - BPJS,TAB,0,0,0,0,1
Cefixime cap 100mg - BPJS,CAP,1,0,0,0,1
Cendo xitrol tetes mata - BPJS,BTL,0,0,1,0,1
Cepadroxil cap 500mg - BPJS,CAP,1,0,0,0,1
Cimetidin tablet 200 mg - BPJS,TAB,0,0,0,0,1
Ciprofloksasin kaplet 500 mg - BPJS,TAB,1,0,0,0,1
Citirzin tab 10mg - BPJS,TAB,0,0,0,0,1
Clindamisin Capsul 150 mg - BPJS,TAB,1,0,0,0,1
Chlorfeniramin maleat CTM - BPJS,TAB,0,0,0,0,1
Cyclofem inj - BPJS,AMP,0,0,0,0,1
Depoprogeston inj - BPJS,AMP,0,0,0,0,1
Dexametason tab - BPJS,TAB,0,0,0,0,1
Dimenhidrinat tablet 50 mg - BPJS,TAB,0,0,0,0,1
Domperidon tablet 10 mg - BPJS,TAB,0,0,0,0,1
Domperidon Suspensi 5mg/5ml @ 60 ml - BPJS,BTL,0,0,0,0,1
"Gentamicin 0,1% salep kulit 5g - BPJS",TUB,0,0,0,0,1
"Griseofulvin tablet 125 mg, micronized - BPJS",TAB,1,0,0,0,1
Glibenklamid tablet 5 mg - BPJS,TAB,0,0,0,0,1
Haloperidol tab 5mg - BPJS,TAB,0,0,0,0,1
Hidroklortiazida tablet 25 mg - BPJS,TAB,0,0,0,0,1
Kloramfenicol tetes mata - BPJS,BTL,0,0,0,0,1
Kloramfenicol tetes telinga - BPJS,BTL,0,0,0,0,1
Loratadin tablet 10 mg - BPJS,TAB,0,0,0,0,1
Meloxicam tab 15mg - BPJS,TAB,0,0,0,0,1
Metformin tablet 500 mg - BPJS,TAB,0,0,0,0,1
Multivitamin sirup anak - BPJS,BTL,0,0,0,0,1
Mutivitamin tab mineral / Vit B com - BPJS,TAB,0,0,0,0,1
Natrium diklofenak tab 50mg - BPJS,TAB,0,0,0,0,1
Oksitetrasiklin HCl salap 3 % 5 g - BPJS,TAB,0,0,0,0,1
Paracetamol tab 500mg - BPJS,TAB,0,0,0,0,1
Piridoksin tablet 10mg - BPJS,TAB,0,0,0,0,1
Piroxicam tab 20mg - BPJS,TAB,0,0,0,0,1
Ranitidin tab / Zantifar - BPJS,TAB,0,0,0,0,1
salbutamol tab 4mg - BPJS,TAB,0,0,0,0,1
Simpastatin tab - BPJS,TAB,0,0,0,0,1
Triheksifenidil Hidroklorida tab 2 mg - BPJS,TAB,0,0,0,0,1
Tripolidin tab / tramenza - BPJS,TAB,0,0,0,0,1
Zink tab - BPJS,TAB,0,0,0,0,1
Alat pemeriksa EASY TOUCH - BPJS,Pak,0,0,0,1,1
"Handscoon No.6,5 - BPJS",PCS,0,0,0,1,1
Handscoon No.7 - BPJS,PCS,0,0,0,1,1
Rapid doa-3 pabel test - BPJS,PCS,0,0,0,1,1
Stick asam urat (easy touch) - BPJS,PCS,0,0,0,1,1
Stick cholestrol (easy touch) - BPJS,PCS,0,0,0,1,1
Test strip Urinalysa 10 Parameter - BPJS,KTK,0,0,0,1,1
Ultrasonic gel family - BPJS,TUB,0,0,0,1,1
Vacutainer R/M - BPJS,PCS,0,0,0,1,1
Pehacain ini - BPJS,AMP,0,0,0,0,1
Amitriptilin hci Tablet Salut 25mg,TAB,0,1,0,0,0
Braksidin Tab,TAB,0,1,0,0,0
Diazepam injeksi 5mg/ml - 2ml,AMP,0,1,0,0,0
Stesolid rectal,TUB,0,1,0,0,0
Fenobarbital injeksi 50 mg/ml - 2ml,AMP,0,1,0,0,0
Haloperidol Tab 2mg,TAB,0,1,0,0,0
Haloperidol Tab 5mg,TAB,0,1,0,0,0
Klem Tali Pusat (Umbilical cord klem steril nylon),PCS,0,0,0,1,0
Ciprofloksacin kaplet 500 mg-BPJS,TAB,0,0,0,0,1
Curcuma Rhizoma tablet 200 mg-BPJS,TAB,0,0,0,0,1
Asetil Sistein Kapsul 200 mg-BPJS,CAP,0,0,0,0,1
Antasida DOEN II susp 60 ml.komb:AL(OH)200mg/5ml+Mg(oh)200mg/5ml-BPJS,BTL,0,0,0,0,1
Ondansetron tablet 8 mg-BPJS,TAB,0,0,0,0,1
Ketoproven tablet 100 mg -BPJS,TAB,0,0,0,0,1
Ambroksol sirup 15 mg/5ml @60 ml-BPJS,TAB,0,0,0,0,1
Paracetamol 125 mg/2.5 ml rectal (DUMIN)-BPJS,TUB,0,0,0,0,1
Paracetamol 250 mg/4ml rectal(DUMIN)-BPJS,TUB,0,0,0,0,1
Bisakodil tablet 5 mg-BPJS,TAB,0,0,0,0,1
Domperidon Suspensi 5mg/5 ml @60 ml-BPJS,BTL,0,0,0,0,1
Oseltamivir Phosphate kapsul 75 mg,CAP,1,0,0,0,0
Asam Askorbat tablet 500 mg,TAB,0,0,0,0,0
Azithromiycin Dihydrate tablet 500 mg,TAB,1,0,0,0,0
Ekstrak Plasenta Gel @15 g(bioplacenton)-BPJS,TUB,0,0,0,0,1
Jelly USG 250 gr,BTL,0,0,0,1,0
Ketoprofen Supp 100 mg,PCS,0,0,0,0,0
Simvastatin 20 mg,TAB,0,0,0,0,0
Klem Tali Pusat ( Umbilical Cord Klem Steril nylon),PCS,0,0,0,1,0
Asam Askorbat 500 mg,TAB,0,0,0,0,0
azitromicin 500 mg,TAB,0,0,0,0,0
Asam Ascorbat 500 mg (vitamin C),TAB,0,0,0,0,0
Larutan infus glukosa 5 %-BPJS,BTL,0,0,0,0,1
Ondansetron injeksi -BPJS,AMP,0,0,0,0,1
Kasa kotak-BPJS,KTK,0,0,0,0,1
Larutan H2O2-BPJS,BTL,0,0,0,0,1
Alat suntik 5 ml-BPJS,PCS,0,0,0,1,1
Nald no.23-BPJS,PCS,0,0,0,1,1
Larutan infus glukosa 10%-BPJS,BTL,0,0,0,0,1
MASKER DISPOSIBLE -BPJS,KTK,0,0,0,1,1
ABOCATH NO.22-BPJS,PCS,0,0,0,1,1
KETOPROPEN INJEKSI-BPJS,AMP,0,0,0,0,1
Metilergometrin injeksi-BPJS,AMP,0,0,0,0,1
TES KEHAMILAN-BPJS,PCS,0,0,0,1,1
STICK EASY TOUCH GLUKOSA-BPJS,PCS,0,0,0,1,1
KERTAS PUYER-BPJS,PCS,0,0,0,1,1
ketopropen supp 100 mg,PCS,0,0,0,0,0
pirantel pamoat suspensi 125 mg/5 ml,BTL,0,0,0,0,0
NGT.N0 14,PCS,0,0,0,1,0
NGT.NO.16,PCS,0,0,0,1,0
NGT.N0 .18,BTL,0,0,0,1,0
"Natrium laurilsulfoasetat,na sulfat,sorbital,PEG 400 enema @ 5 ml (mixrolak)",TUB,0,0,0,0,0
Formula-100 sachet 17 g,PCS,0,0,0,0,0
Mineral mix,PCS,0,0,0,0,0
Rapid test covid 19 antigen cpns,PCS,0,0,0,1,0
Larutan Nacl 0.9 % 100 ml,BTL,0,0,0,0,0
ketopropen suup 100 mg,PCS,0,0,0,0,0
klem tali puar (umbilical cord klem steril nylon),PCS,0,0,0,1,0
Autoclick lancing devide,PCS,0,0,0,1,0
pot salap sedang -BPJS,PCS,0,0,0,1,1
pot salap kecil -BPJS,PCS,0,0,0,1,1
cetrizina kapsul 10 mg,CAP,0,0,0,0,0
ketokonazole salap cream 10 gr BPJS,TUB,0,0,0,0,1
SIMVASTATAIN TABLET 10 mg BPJS,TAB,0,0,0,0,1
BORAX GLISERIN (GOM) BPJS,BTL,0,0,0,0,1
KETOKONAZOLE TABLET 200 MG BPJS,TAB,1,0,0,0,1
CLINDAMYCIN KAPSUL 300 MG BPJS,CAP,1,0,0,0,1
ETAFEN SIRUP/IBUPROVEN SUSPENSI BPJS,BTL,0,0,0,0,1
BIOPCENTON JELLY BPJS,BTL,0,0,0,0,1
METFORMIN 500 MG BPJS,TAB,0,0,0,0,1
ASAM MEFENAMAT 500 MG BPJS,TAB,0,0,0,0,1
ANTASIDA SIRUP BPJS,BTL,0,0,0,0,1
ALOPURINOL 300 MG BPJS,TAB,0,0,0,0,1
ASAM TRANEKSAMAT/NEXITRA 500 MG,TAB,0,0,0,0,0
BISAKODIL TABLET 5 MG,TAB,0,0,0,0,0
CENTO XITROL 5 ML BPJS,BTL,0,0,0,0,1
KETOPROVEN 100 MG BPJS,TAB,0,0,0,0,1
LOPERAMID/BIDIUM BPJS,TAB,0,0,0,0,1
KLORAMFENIKOL TTS MATA/RECO TTS MATA BPJS,TAB,0,0,0,0,1
MIKONAZOLE SALAP2% BPJS,TAB,0,0,0,0,1
PARACETAMOL 500 MG BPJS,TAB,0,0,0,0,1
ETIL KLORIDA SEMPROT SPRAY BPJS,BTL,0,0,0,0,1
BLOOD LANCET BPJS,KTK,0,0,0,0,1
NASAL OKSIGEN DEWASA BPJS,PCS,0,0,0,0,1
PLASTIK KLIP OBAT 13X8 BPJS,SET,0,0,0,0,1
kloramfenikol tetes mata 0.5 %/reco tetes mata BPJS,BTL,0,0,0,0,1
KLORSMFENIKOL TETES MATA 0.5%/RECO TETTES MATA,BTL,0,0,0,0,0
multivitamin bionicom,TAB,0,0,0,0,0
rapid test corona virus (PL),PCS,0,0,0,0,0
DIETIL KARBAMAZINECITRAT 100 MG,TAB,0,0,0,0,0
